{"128897752":{"banned":[],"owners":[],"settings":{"flood":"yes","lock_webpage":"no","lock_bots":"yes","lock_link":"yes","welcome":"yes","lock_markdown":"no","lock_tag":"yes","lock_spam":"yes"},"mutes":{"mute_photos":"no","mute_video":"no","mute_loc":"no","mute_gif":"no","mute_audio":"no","mute_doc":"no","mute_sticker":"no","mute_all":"no","mute_text":"no","mute_voice":"no","mute_fwd":"no","mute_contact":"no"},"is_silent_users":[],"mods":[],"filterlist":[]},"-1001055828188":{"banned":[],"owners":[],"settings":{"flood":"yes","lock_webpage":"no","lock_tag":"yes","lock_link":"yes","welcome":"yes","lock_spam":"yes","lock_bots":"yes","lock_markdown":"no"},"mutes":{"mute_photos":"no","mute_video":"no","mute_loc":"no","mute_gif":"no","mute_audio":"no","mute_doc":"no","mute_text":"no","mute_all":"no","mute_voice":"no","mute_sticker":"no","mute_fwd":"no","mute_contact":"no"},"is_silent_users":[],"mods":[],"filterlist":[]},"-1001054455750":{"banned":{"126186702":"@kaesar01"},"owners":[],"settings":{"flood":"yes","lock_webpage":"no","lock_bots":"yes","lock_link":"yes","welcome":"yes","lock_markdown":"no","lock_tag":"yes","lock_spam":"yes"},"mutes":{"mute_photos":"no","mute_video":"no","mute_loc":"no","mute_gif":"no","mute_audio":"no","mute_doc":"no","mute_sticker":"no","mute_all":"no","mute_text":"no","mute_voice":"no","mute_fwd":"no","mute_contact":"no"},"is_silent_users":[],"mods":{"278499247":"ﭸّـنــطُآوٰ୭يَةّ⇘┇🌸💫)☻🍫","405676594":"@Kllkll\\_bot","115940843":"@MMssttf"},"filterlist":[]},"gban_users":{},"groups":{"-1001054455750":"-1001054455750","-1001055828188":"-1001055828188","128897752":128897752}}